{
	"name": "Carbon Drill",
	"description": "This drill made to get so many materials",
	"type": "Drill",
	"size": 4,
	"health": 2800,
	"tier": 8,
	"drillTime": 100,
	"rotateSpeed": 3,
	"drawRim": true
	"updateEffect": "pulverizeRed"
	"updateEffectChance": 0.03
	"consumes": {
		"power": 12.0
		"liquid": {
			"liquid": "cryofluid",
			"amount": 0.1,
			"optional": true,
			"booster": true
		}
	},
	"requirements": [
		{ "item": "carbon", "amount": 40 },
		{ "item": "dark-steel", "amount": 150 },
		{ "item": "titanium", "amount": 120 }
	],
	"category": "production"
	"research": "diamond-drill"
}
