{
	"type": "GenericSmelter",
	"name": "Forge S100-Titanium",
	"description": "Combines titanium and thorium to produce tithorium.",
	"health": 2000,
	"itemCapacity": 20,
	"outputItem": {"item": "tithorium", "amount": 1},
	"size": 3,
	"hasPower": true,
	"hasItems": true,
	"craftTime": 30,
	"updateEffect": "smeltsmoke",
	"consumes": {
		"power": 1.3,
		"items": {
			"items": [
				{ "item": "titanium", "amount": 6 },
				{ "item": "thorium", "amount": 4 }
			]
		}
	},
	"requirements": [
		{ "item": "titanium", "amount": 65 },
		{ "item": "thorium", "amount": 80 },
		{ "item": "silicon", "amount": 60 }
	],
	"category": "crafting",
	"idleSound": "respawning",
	"idleSoundVolume": 0.5
	"research": "alloy-smelter"
}
