{
	"type": "GenericSmelter",
	"name": "Fuel Compressor"
	"description": "Makes Nuclear Fuel.",
	"health": 5000,
	"itemCapacity": 20,
	"outputItem": {"item": "nuclear-fuel", "amount": 1},
	"size": 3,
	"hasPower": true,
	"hasItems": true,
	"craftTime": 30,
	"updateEffect": "smeltsmoke",
	"consumes": {
		"power": 8.0,
		"items": {
			"items": [
				{ "item": "comp-thorium", "amount": 12 },
				{ "item": "enriched-uran", "amount": 3 }
			]
		}
	},
	"requirements": [
		{ "item": "comp-titanium", "amount": 32 },
		{ "item": "enriched-uran", "amount": 10 },
		{ "item": "dark-steel", "amount": 25 }
	],
	"category": "crafting",
	"idleSound": "respawning",
	"idleSoundVolume": 0.3
	"research": "e-mach"
}
