{
	"type": "burstTurret",
	"name": "Infinity Turret",
	"description": "o_o",
	"targetAir": true,
	"targetGround": true,
	"health": 20000,
	"size": 8,
	"inaccuracy": 0.001,
	"reload": 5,
	"shootCone": 40,
	"shots": 1,
	"range": 360,
	"burstSpacing": 1,
	"ammo": {
		"silicon": {
			"speed": 35,
			"damage": 850,
			"bulletWidth": 24,
			"bulletHeight": 30,
			"shootEffect": "shootSmall",
			"smokeEffect": "shootSmallSmoke",
			"ammoMultiplier": 1
		},
		"quantum-ingot": {
			"speed": 35,
			"damage": 2500,
			"bulletWidth": 24,
			"bulletHeight": 30,
			"shootEffect": "shootSmall",
			"smokeEffect": "shootSmallSmoke",
			"ammoMultiplier": 1
		},
		"infinitium": {
			"speed": 70,
			"damage": 10000,
			"bulletWidth": 34,
			"bulletHeight": 45,
			"shootEffect": "shootSmall",
			"smokeEffect": "shootSmallSmoke",
			"ammoMultiplier": 2
		}
	},
	"requirements": [
		{ "item": "infinitium", "amount": 2 },
		{ "item": "dark-steel", "amount": 2000 }
	],
	"category": "turret"
	"research": "test-1"
}
