{
	"name": "Quantum Drill",
	"description": "Better Version of Super Drill",
	"type": "Drill",
	"size": 3,
	"health": 35000,
	"tier": 12,
	"drillTime": 35,
	"rotateSpeed": 12,
	"drawRim": true
	"updateEffect": "pulverizeRed"
	"drillEffect": "healWaveMend"
	"updateEffectChance": 0.03
	"consumes": {
		"power": 15.0
		"liquid": {
			"liquid": "cryofluid",
			"amount": 0.3,
			"optional": true,
			"booster": true
		}
	},
	"requirements": [
		{ "item": "quantum-ingot", "amount": 2 },
		{ "item": "dark-steel", "amount": 250 },
		{ "item": "plut", "amount": 30 }
	],
	"category": "production"
	"research": "super-drill"
}
