{
	"type": "GenericSmelter",
	"name": "Quantum Reconstructor",
	"description": "Makes [purple]QUANTUM ACID[].",
	"health": 25000,
	"itemCapacity": 5,
	"liquidCapacity": 160,
	"outputLiquid": {"liquid": "quantum-liquid", "amount": 32},
	"size": 3,
	"hasPower": true,
	"hasItems": true,
	"hasLiquids": true,
	"craftTime": 30,
	"updateEffect": "smeltsmoke",
	"consumes": {
		"power": 10.0,
		"items": {
			"items": [
				{ "item": "plut", "amount": 2 },
				{ "item": "super-tithorium", "amount": 3 },
				{ "item": "nuclear-fuel", "amount": 1 }
			]
		}
	},
	"requirements": [
		{ "item": "super-tithorium", "amount": 30 },
		{ "item": "ruby", "amount": 8 },
		{ "item": "comp-titanium", "amount": 150 },
		{ "item": "nuclear-fuel", "amount": 25 }
	],
	"category": "crafting",
	"idleSound": "respawning",
	"idleSoundVolume": 0.12
	"research": "recon"
}
