{
	"type": "GenericSmelter",
	"name": "Super Compresor"
	"description": "You can get DIAMOND from it.",
	"health": 12000,
	"itemCapacity": 50,
	"outputItem": {"item": "diamond", "amount": 1},
	"size": 3,
	"hasPower": true,
	"hasItems": true,
	"craftTime": 75,
	"updateEffect": "smeltsmoke",
	"consumes": {
		"power": 10.0,
		"items": {
			"items": [
				{ "item": "coal", "amount": 40 }
			]
		}
	},
	"requirements": [
		{ "item": "nuclear-fuel", "amount": 20 },
		{ "item": "comp-titanium", "amount": 60 },
		{ "item": "dark-steel", "amount": 140 }
	],
	"category": "crafting",
	"idleSound": "respawning",
	"idleSoundVolume": 0.3
	"research": "thor-comp"
}
