{
	"type": "GenericSmelter",
	"name": "Steel Forge",
	"description": "Makes Dark Steel.",
	"health": 2000,
	"itemCapacity": 10,
	"outputItem": {"item": "dark-steel", "amount": 1},
	"size": 2,
	"hasPower": true,
	"hasItems": true,
	"craftTime": 15,
	"updateEffect": "smeltsmoke",
	"consumes": {
		"power": 1.8,
		"items": {
			"items": [
				{ "item": "titanium", "amount": 3 },
				{ "item": "graphite", "amount": 2 },
				{ "item": "iron", "amount": 5 }
			]
		}
	},
	"requirements": [
		{ "item": "titanium", "amount": 40 },
		{ "item": "iron", "amount": 45 },
		{ "item": "silicon", "amount": 75 }
	],
	"category": "crafting",
	"idleSound": "respawning",
	"idleSoundVolume": 0.1
	"research": "kiln"
}
