{
	"type": "ItemTurret",
	"size": 4,
	"health": 1600,
	"reloadTime": 24,
	"range": 360,
	"maxAmmo": 50,
	"shots": 4,
	"velocityInaccuracy": 0.1,
	"shootSound" : "artillery",
	"shootShake": 3,
	"inaccuracy": 25,
	"shootCone": 55,
	"recoilAmount" : 4,
	"targetAir" : true, 
	"targetGround" : true, 
	
	"ammoTypes": {
		"silicon": {
			"type" : "BasicBulletType",
			"damage": 60,
			"speed": 5.0,
			"lifetime": 100,
			"homingPower": 0.2,
			"homingRange": 48,
			"height": 24,
			"width" : 16,
			},
		"comp-titanium": {
			"type" : "FlakBulletType",
			"damage": 40,
			"speed": 4.0,
			"lifetime": 100,
			"height": 24,
			"width" : 16,
			"fragBullets": 5,
			"fragBullet" : {
				"type" : "ShrapnelBulletType",
				"damage": 15,
				"length": 30,
				"width" : 10,
				},
			},
		"uran": {
			"type" : "MissileBulletType",
			"damage": 125,
			"splashDamageRadius" : 40,
			"splashDamage" : 20,
			"speed": 4.0,
			"lifetime": 100,
			"height": 15,
			"width" : 15,
			"homingPower": 0.5,
			"homingRange": 96,
			"hitEffect": "shockwave",
			"frontColor": "00B000",
			"backColor": "008000",
			"ammoMultiplier": 3,
			"lightining": 10,
			"lightningLength": 15,
			},
		},
		
	"requirements": [
		{ "item": "comp-titanium", "amount": 18 },
		{ "item": "tithorium", "amount": 12 },
		{ "item": "thorium", "amount": 80 },
		{ "item": "enriched-uran", "amount": 4 },
		{ "item": "dark-steel", "amount": 45 }
	],
	"category": "turret"
}