{
	"type": "ItemTurret",
	"size": 3,
	"health": 2050,
	"reloadTime": 6,
	"range": 300,
	"maxAmmo": 50,
	"shots": 2,
	"shootSound" : "shootSnap",
	"inaccuracy": 18,
	"shootcone": 70,
	"rotatespeed": 10,
	"recoilAmount" : 2,
	"targetAir" : true, 
	"targetGround" : false, 
	
	"ammoTypes": {
		"lead": {
			"type" : "FlakBulletType",
			"splashDamageRadius" : 40,
			"splashDamage" : 25,
			"speed": 5.0,
			"height": 8,
			"width" : 8,
			},
		"metaglass": {
			"type" : "FlakBulletType",
			"splashDamageRadius" : 40,
			"splashDamage" : 32,
			"speed": 8.0,
			"height": 10,
			"width" : 9,
			"fragBullets": 3,
			"fragBullet" : {
				"type" : "ShrapnelBulletType",
				"damage": 5,
				"length": 10,
				"width" : 5,
				},
			},
		"silicon": {
			"type" : "FlakBulletType",
			"splashDamageRadius" : 40,
			"splashDamage" : 28,
			"speed": 6.0,
			"height": 16,
			"width" : 6,
			"homingPower": 0.05,
			"homingRange": 60
			},
		"blast-compound": {
			"type" : "MissileBulletType",
			"splashDamageRadius" : 40,
			"splashDamage" : 32,
			"speed": 4.0,
			"height": 10,
			"width" : 10,
			"homingRange": 150,
			"homingPower": 0.1,
			"hitEffect": "shockwave",
			},
		},
		
	"requirements": [
		{ "item": "dark-steel", "amount": 40 },
		{ "item": "lead", "amount": 100 },
		{ "item": "tithorium", "amount": 20 }
	],
	"category": "turret",
	"research": "scatter"
}