{
    "type": "wraith",
    "name": "Bazercon",
    "health": 1500,
    "mass": 6.0,
    "speed": 0.2,
	"hitsize": 15,
	"hitsizeTile": 10,
    "maxVelocity": 1.0,
    "drag": 0.01,
	"attackLength": 90.0,
    "shootCone": 40.0,
    "flying": true,
    "engineOffset": 1,
    "engineSize": 1,
    "weapon": {
        "length": 3.0,
        "reload": 26.0,
        "width": 10.0,
        "shots": 1,
        "inaccuracy": 3.0,
        "alternate": true,
        "ejectEffect": "shellEjectSmall",
        "shootSound": "shoot",
        "bullet": {
			"speed": 12,
			"damage": 30
			"bulletWidth": 12,
			"bulletHeight": 28,
			"frontColor": "4acf4d",
			"backColor": "8cff8f",
		}
    }
}