{
    "type": "wraith",
    "name": "Drone",
    "health": 120,
    "mass": 1.0,
    "speed": 0.4,
    "maxVelocity": 2.0,
    "drag": 0.01,
    "attackLength": 100.0,
    "shootCone": 40.0,
    "flying": true,
    "engineOffset": 0.5,
    "engineSize": 0.5,
    "baseRotateSpeed": 0.1,
    "weapon": {
        "length": 3.0,
        "reload": 20.0,
        "width": 2.0,
        "shots": 1,
        "inaccuracy": 3.0,
        "alternate": true,
        "ejectEffect": "shellEjectSmall",
        "shootSound": "shoot",
        "bullet": {
			"speed": 12,
			"damage": 10
			"bulletWidth": 6,
			"bulletHeight": 16,
			"frontColor": "4acf4d",
			"backColor": "8cff8f",
		}
    }
}