{
    "type": "wraith",
    "name": "Nucledon",
    "health": 3000,
    "mass": 8.0,
    "speed": 0.2,
	"hitsize": 24,
	"hitsizeTile": 18,
    "maxVelocity": 1.0,
    "drag": 0.01,
	"attackLength": 120.0,
    "shootCone": 40.0,
    "flying": true,
    "engineOffset": 2,
    "engineSize": 2,
    "weapon": {
        "length": 10.0,
        "reload": 40.0,
        "width": 20.0,
        "shots": 1,
        "inaccuracy": 3.0,
        "alternate": true,
        "ejectEffect": "shellEjectSmall",
        "shootSound": "shoot",
        "bullet": {
			"speed": 14,
			"damage": 50
			"bulletWidth": 8,
			"bulletHeight": 23,
			"frontColor": "4acf4d",
			"backColor": "8cff8f",
		}
    }
}