{
    "type": "wraith",
    "name": "Striker",
    "health": 10000,
    "mass": 20.0,
    "speed": 0.6,
	"hitsize": 24,
	"hitsizeTile": 18,
    "maxVelocity": 3.0,
	"rotatespeed": 0.05,
	"attackLength": 150.0,
    "drag": 0.01,
    "shootCone": 2.0,
    "flying": true,
    "engineOffset": 3,
    "engineSize": 3,
	"baseRotateSpeed": 0.05,
    "weapon": {
        "length": 10.0,
        "reload": 20.0,
        "width": 20.0,
        "shots": 2,
        "inaccuracy": 2.0,
        "alternate": true,
        "ejectEffect": "shellEjectSmall",
        "shootSound": "shoot",
        "bullet": {
			"speed": 20,
			"damage": 40
			"bulletWidth": 9,
			"bulletHeight": 23,
			"frontColor": "4acf4d",
			"backColor": "8cff8f",
		}
    }
}